{
    "counters": {
        "requests_total": 206
    },
    "timings": {
        "request_duration_ms{route=\"get \/hi\"}": [
            2.183198928833008,
            4.282951354980469,
            4.53495979309082,
            1.2140274047851562
        ],
        "request_duration_ms{route=\"get \/lace\/health\"}": [
            10.32710075378418,
            2.312183380126953,
            3.8368701934814453
        ],
        "request_duration_ms{route=\"get \/lace\/docs\"}": [
            2.9342174530029297,
            6.596088409423828,
            0.5419254302978516,
            1.0311603546142578,
            0.6041526794433594,
            0.44918060302734375,
            0.6339550018310547,
            0.42891502380371094,
            0.6949901580810547,
            0.5550384521484375,
            4.564046859741211,
            2.070903778076172,
            0.7939338684082031,
            0.8161067962646484,
            2.3238658905029297,
            0.96893310546875,
            1.3308525085449219,
            1.1210441589355469,
            1.7669200897216797,
            0.8809566497802734,
            1.3480186462402344,
            1.271963119506836,
            0.6880760192871094,
            0.5631446838378906,
            2.3381710052490234,
            0.6411075592041016,
            0.5481243133544922
        ],
        "request_duration_ms{route=\"get \/lace\/dashboard\"}": [
            3.4110546112060547,
            7.948875427246094,
            8.512020111083984,
            2.045869827270508,
            2.1970272064208984,
            1.7178058624267578,
            2.115964889526367,
            12.784004211425781,
            10.072946548461914
        ],
        "request_duration_ms{route=\"get \/\"}": [
            2.7120113372802734,
            1.5249252319335938,
            3.459930419921875,
            2.137899398803711,
            1.4240741729736328,
            1.3580322265625,
            1.7578601837158203,
            7.752895355224609,
            1.664876937866211,
            1.3480186462402344,
            0.7808208465576172,
            1.0399818420410156,
            0.8540153503417969,
            1.1379718780517578,
            1.8188953399658203,
            0.8368492126464844,
            1.0309219360351562,
            0.7679462432861328,
            1.171112060546875,
            0.9648799896240234,
            0.8170604705810547,
            1.2040138244628906,
            1.2128353118896484,
            0.9539127349853516,
            0.2741813659667969,
            0.4131793975830078,
            0.4119873046875,
            0.6859302520751953,
            0.5629062652587891,
            0.39505958557128906,
            0.5509853363037109,
            1.8749237060546875,
            2.14385986328125,
            0.40602684020996094,
            0.5869865417480469,
            1.2280941009521484,
            1.7058849334716797,
            1.1909008026123047,
            1.4998912811279297,
            1.432180404663086,
            3.453969955444336,
            1.2400150299072266,
            1.1348724365234375,
            2.2940635681152344,
            3.8411617279052734,
            2.3810863494873047,
            7.239103317260742,
            3.7767887115478516,
            3.008127212524414,
            3.765106201171875,
            7.271051406860352,
            6.682157516479492,
            3.4029483795166016,
            2.9430389404296875,
            4.252910614013672,
            2.1910667419433594,
            2.660036087036133,
            2.668142318725586,
            3.91387939453125,
            3.8039684295654297,
            2.196788787841797,
            1.7600059509277344,
            3.348112106323242,
            1.5528202056884766,
            2.507925033569336,
            2.875089645385742,
            2.5000572204589844,
            2.9458999633789062,
            4.377841949462891,
            2.7730464935302734,
            3.097057342529297,
            2.382993698120117,
            2.6340484619140625,
            7.205963134765625,
            2.502918243408203,
            2.357959747314453,
            2.441883087158203,
            1.444101333618164,
            2.8769969940185547,
            4.382848739624023,
            2.7539730072021484,
            2.5229454040527344,
            1.8210411071777344,
            2.040863037109375,
            2.2640228271484375,
            1.4960765838623047,
            2.669095993041992,
            3.061056137084961,
            3.3960342407226562,
            2.5899410247802734,
            2.563953399658203,
            2.3870468139648438,
            2.0608901977539062,
            1.605987548828125,
            2.3920536041259766,
            3.2150745391845703,
            2.176046371459961,
            2.053976058959961,
            2.146005630493164,
            2.7539730072021484,
            1.9009113311767578,
            1.817941665649414,
            1.8398761749267578,
            1.5978813171386719,
            2.0079612731933594,
            2.229928970336914,
            1.9180774688720703,
            1.8749237060546875,
            3.5049915313720703
        ],
        "request_duration_ms{route=\"get \/db\"}": [
            15.167951583862305,
            2.8460025787353516,
            1.8639564514160156,
            5.425930023193359,
            0.8251667022705078,
            5.1288604736328125,
            1.4569759368896484,
            0.6830692291259766,
            1.1970996856689453,
            5.166053771972656,
            6.0939788818359375,
            1.4209747314453125,
            0.9701251983642578,
            11.004924774169922,
            5.885124206542969,
            6.700992584228516,
            9.467124938964844,
            5.669832229614258,
            5.019903182983398,
            2.9320716857910156,
            3.21197509765625,
            3.053903579711914,
            6.746053695678711,
            6.296873092651367,
            5.398035049438477,
            8.059024810791016,
            4.908084869384766,
            5.769014358520508,
            4.550933837890625,
            4.715919494628906,
            3.731966018676758,
            4.197835922241211,
            10.357856750488281
        ],
        "request_duration_ms{route=\"get \/secure-endpoint\"}": [
            2.210855484008789,
            3.7870407104492188,
            2.3581981658935547,
            1.86920166015625,
            0.3590583801269531,
            0.30517578125,
            0.4260540008544922,
            0.47779083251953125,
            0.24890899658203125,
            2.1469593048095703,
            3.1890869140625,
            2.1500587463378906,
            1.6388893127441406,
            2.3870468139648438,
            1.4951229095458984,
            0.5650520324707031,
            2.6710033416748047,
            1.3189315795898438,
            0.6699562072753906,
            1.9102096557617188,
            1.6829967498779297
        ]
    }
}