{
    "counters": {
        "requests_total": 112
    },
    "timings": {
        "request_duration_ms{route=\"get \/hi\"}": [
            2.183198928833008,
            4.282951354980469,
            4.53495979309082,
            1.2140274047851562
        ],
        "request_duration_ms{route=\"get \/lace\/health\"}": [
            10.32710075378418
        ],
        "request_duration_ms{route=\"get \/lace\/docs\"}": [
            2.9342174530029297
        ],
        "request_duration_ms{route=\"get \/lace\/dashboard\"}": [
            3.4110546112060547
        ],
        "request_duration_ms{route=\"get \/\"}": [
            2.7120113372802734,
            1.5249252319335938,
            3.459930419921875,
            2.137899398803711,
            1.4240741729736328,
            1.3580322265625,
            1.7578601837158203,
            7.752895355224609,
            1.664876937866211,
            1.3480186462402344,
            0.7808208465576172,
            1.0399818420410156,
            0.8540153503417969,
            1.1379718780517578,
            1.8188953399658203,
            0.8368492126464844,
            1.0309219360351562,
            0.7679462432861328,
            1.171112060546875,
            0.9648799896240234,
            0.8170604705810547,
            1.2040138244628906,
            1.2128353118896484,
            0.9539127349853516,
            0.2741813659667969,
            0.4131793975830078,
            0.4119873046875,
            0.6859302520751953,
            0.5629062652587891,
            0.39505958557128906,
            0.5509853363037109,
            1.8749237060546875,
            2.14385986328125,
            0.40602684020996094,
            0.5869865417480469,
            1.2280941009521484,
            1.7058849334716797,
            1.1909008026123047,
            1.4998912811279297,
            1.432180404663086,
            3.453969955444336,
            1.2400150299072266,
            1.1348724365234375,
            2.2940635681152344,
            3.8411617279052734,
            2.3810863494873047,
            7.239103317260742,
            3.7767887115478516,
            3.008127212524414,
            3.765106201171875,
            7.271051406860352
        ],
        "request_duration_ms{route=\"get \/db\"}": [
            15.167951583862305,
            2.8460025787353516,
            1.8639564514160156,
            5.425930023193359,
            0.8251667022705078,
            5.1288604736328125,
            1.4569759368896484,
            0.6830692291259766,
            1.1970996856689453,
            5.166053771972656,
            6.0939788818359375,
            1.4209747314453125,
            0.9701251983642578,
            11.004924774169922,
            5.885124206542969,
            6.700992584228516,
            9.467124938964844,
            5.669832229614258,
            5.019903182983398,
            2.9320716857910156,
            3.21197509765625,
            3.053903579711914,
            6.746053695678711,
            6.296873092651367,
            5.398035049438477,
            8.059024810791016,
            4.908084869384766,
            5.769014358520508,
            4.550933837890625,
            4.715919494628906,
            3.731966018676758,
            4.197835922241211,
            10.357856750488281
        ],
        "request_duration_ms{route=\"get \/secure-endpoint\"}": [
            2.210855484008789,
            3.7870407104492188,
            2.3581981658935547,
            1.86920166015625,
            0.3590583801269531,
            0.30517578125,
            0.4260540008544922,
            0.47779083251953125,
            0.24890899658203125,
            2.1469593048095703,
            3.1890869140625,
            2.1500587463378906,
            1.6388893127441406,
            2.3870468139648438,
            1.4951229095458984,
            0.5650520324707031,
            2.6710033416748047,
            1.3189315795898438,
            0.6699562072753906,
            1.9102096557617188,
            1.6829967498779297
        ]
    }
}